Stock,Date,Time,News Headlines
AAPL,2022-05-10,10:07PM,Dow Jones Futures: Techs Rise In Volatile Market Action; Has Inflation Fever Peaked?
AAPL,2022-05-10,04:41PM,Early Money: A newly unveiled startup is helping scientists clean up artificial intelligence data
AAPL,2022-05-10,04:06PM,"Stocks end the day mixed, tech and energy sectors among biggest leaders"
AAPL,2022-05-10,03:16PM,RIP iPod: People pay tribute to Apples portable music player being discontinued
AAPL,2022-05-10,02:38PM,"How CEO pay compares to median salaries at Apple, Facebook, Walmart and more"
AAPL,2022-05-10,02:34PM,How Citizens Financial used an iPhone plan to create a nationwide digital bank
AAPL,2022-05-10,02:09PM,Apple Kills the Last Model of Its Iconic Music Player
AAPL,2022-05-10,01:22PM,"The iPod is dead as Touch is finally discontinued, Apple says"
AAPL,2022-05-10,01:02PM,"Apple Officially Kills Off the iPod, More Than 20 Years After Music Player Debuted"
AAPL,2022-05-10,12:32PM,Antitrust Chief Barred From Google Cases Amid Recusal Push
AAPL,2022-05-10,12:28PM,End of an Era: Apple Discontinues Its Last iPod Model
AAPL,2022-05-10,12:04PM,"Dow falls, Tesla stock reverses gains, SoFi stock halted on early earnings release"
AAPL,2022-05-10,11:33AM,"Top Millennial, Gen Z Stock Picks Shift To Energy Stocks; But Tesla Still No. 1"
AAPL,2022-05-10,11:26AM,"Market check: Oil falls, tech stocks post modest gains"
AAPL,2022-05-10,10:51AM,10 Most Popular Mutual Funds on Reddit
AAPL,2022-05-10,10:46AM,Warren Buffett Stocks: What's Inside Berkshire Hathaway's Portfolio?
AAPL,2022-05-10,10:23AM,Market Crash: Monster Growth Stocks to Buy Right Away
AAPL,2022-05-10,10:23AM,"Stocks rise, oil steadies, BlackRock cuts rating on China assets"
AAPL,2022-05-10,10:05AM,10 Tech Stocks to Buy Now According to Barry Dargans Intermede Investment Partners
AAPL,2022-05-10,09:29AM,Tech stocks lose over $1 trillion in value over 3 days
AAPL,2022-05-10,08:03AM,"Apple, Netflix, and Other Tech Stocks Are Crumbling. The Pain Might Not Be Over."
AAPL,2022-05-09,06:27PM,Match sues Google after being refused the same app-store treatment as Spotify
AAPL,2022-05-09,06:01PM,3 Tech Stocks Investors Shouldn't Lose Sleep Over
AAPL,2022-05-09,06:00PM,Games Giant's Pitch for Global Talent: Embrace Your Inner Geek
AAPL,2022-05-09,05:56PM,How Apple Stock Could Save the S&P 500 From a Bear Market
AAPL,2022-05-09,05:39PM,Apple and Amazon Have Fallen for 6 Straight Weeks. There Could Be More Pain Ahead.
AAPL,2022-05-09,04:16PM,"Dow sinks over 600 points into the close, S&P 500 closes at lowest level in more than a year"
AAPL,2022-05-09,03:54PM,Billionaire Ken Fishers 10 Favorite Tech Stocks
AAPL,2022-05-09,03:25PM,Is Apple Stock A Buy Or Sell After iPhone Maker's Earnings Report?
AAPL,2022-05-09,02:33PM,Alphabet (GOOGL) Boosts YouTube Music With Latest Effort
AAPL,2022-05-09,01:15PM,Apple Faces EU Antitrust Action on Apple Pay
AAPL,2022-05-09,12:02PM,Apple and Amazon Have Fallen for 6 Straight Weeks. There Could Be More Pain Ahead.
AAPL,2022-05-09,11:24AM,Tech stock headwinds leading to more downside for the Nasdaq: Strategist
AAPL,2022-05-09,11:22AM,Why Apple Stock Got Bit on Monday
AAPL,2022-05-09,11:16AM,"Stocks: S&P 500 touches 52-week low, Microsoft market cap dips below $2 trillion"
AAPL,2022-05-09,10:57AM,"Market check: Dow falls 500+ points, bitcoin sells off"
AAPL,2022-05-09,09:53AM,Megacap Optimists Buckle Under Weight of Bear Market
AAPL,2022-05-09,09:51AM,Tech Sell-Off: 1 Growth Stock Down 73% to Buy Right Now
AAPL,2022-05-09,08:45AM,5G Stocks To Buy And Watch: Will Dish Entry Shake-Up 5G Market?
AAPL,2022-05-09,08:15AM,Better Buffett Stock: Chevron vs. Apple
AAPL,2022-05-09,08:07AM,Dow Jones Futures Tumble As Market Correction Extends Losses; Why Apple Is An 'Absolute Loser'
AAPL,2022-05-09,07:39AM,Aramco Closes In on Apple as Worlds Most Valuable Firm
AAPL,2022-05-09,07:34AM,Can Samsungs Galaxy smart tag plus key tracker rival Apple and Tile?
AAPL,2022-05-09,06:50AM,Apple exec quits over working from home row
AAPL,2022-05-09,06:43AM,Videos of People Dragged Into Quarantine Censored in China
AAPL,2022-05-09,06:10AM,3 Top Stocks to Buy in May
AAPL,2022-05-09,06:05AM,"Stocks Extend Slump, Week Ahead, Uber, Apple, Twitter In Focus - Five Things You Must Know"
AAPL,2022-05-09,01:22AM,Chinas Export Growth Weakens to 2020 Low as Lockdowns Bite
AAPL,2022-05-08,09:55AM,Apple's Services Business Has Never Been More Important
AAPL,2022-05-07,08:24PM,What Pushed Apple Factory Workers to Riot?
AAPL,2022-05-07,12:45PM,Its Not Just Tesla. 8 Other Stocks to Play the Future of Transportation.
AAPL,2022-05-07,10:35AM,First U.S. Apple store union election is set for early June
AAPL,2022-05-07,08:55AM,2 Top Buffett Stocks to Buy and Hold for the Long Haul
AAPL,2022-05-07,08:40AM,2 Top 5G Stocks to Buy in May
AAPL,2022-05-07,06:00AM,Why a Successful Microsoft Is Good for All Investors -- Even If They Don't Own the Stock
AAPL,2022-05-06,08:47PM,"If Roe v. Wade is overturned, what happens to housing markets in states with trigger laws that would immediately ban abortion?"
AAPL,2022-05-06,04:55PM,Ken Fisher is Selling These 10 Stocks in 2022
AAPL,2022-05-06,04:38PM,Roe v. Wade: How corporate America has responded to the Supreme Court draft opinion
AAPL,2022-05-06,03:35PM,The market is basically forecasting stagflation: Strategist
AAPL,2022-05-06,02:34PM,"Amazon is Offering a Rare Sale on Apple AirTags, iPhone Cases and Chargers"
AAPL,2022-05-06,12:46PM,Chaos Erupts At Apple Plant In China Due To Strict Lockdown
AAPL,2022-05-06,11:21AM,The most expensive TV shows of all time: 'Stranger Things' and 'Lord of the Rings' enter pantheon
AAPL,2022-05-06,10:37AM,Top Funds Bet On These Stocks To Rise From Down Market
AAPL,2022-05-06,10:29AM,Tony Fadell created the iPod and co-created the iPhone. He almost didnt join Apple
AAPL,2022-05-06,09:33AM,10 Companies that Just Increased Their Dividends
AAPL,2022-05-06,08:22AM,"Dow Jones Futures Fall After Stocks Plunge, Treasury Yields Soar In Delayed Fed Reaction"
AAPL,2022-05-06,07:17AM,Digital markets regulation: Big Tech means big problems
AAPL,2022-05-06,07:14AM,Should You Buy Apple Stock Right Now?
AAPL,2022-05-06,06:31AM,"Mega Caps Struggle, Becky Quick on Berkshire-Hathaway's Future"
AAPL,2022-05-06,05:32AM,Workers at Apple China Plant Clash With Guards Over Lockdowns
AAPL,2022-05-06,05:21AM,73% of Warren Buffett's Portfolio Is Invested in These 5 Stocks
AAPL,2022-05-06,01:00AM,"Higher Inflation, Rates Will Stick Around as Economies Go Green"
AAPL,2022-05-05,05:46PM,Apple pours millions into Oaklands CNote platform to support minority-owned businesses
AAPL,2022-05-05,05:14PM,Microsoft is using Fortnite to fuel its cloud gaming growth
AAPL,2022-05-05,03:45PM,"Tesla, Amazon, Alibaba among biggest market laggards of the day"
AAPL,2022-05-05,03:45PM,"Why Apple, Meta Platforms, and Salesforce.com Plunged Today"
AAPL,2022-05-05,01:44PM,Dow Jones Plunges; Tesla Dives On This Elon Musk Twitter Move; Apple Stock Falls As Tech Tumbles
AAPL,2022-05-05,12:14PM,Market check: Stock sell-off accelerates as traders weigh Fed policy
AAPL,2022-05-05,11:25AM,"Apple, Google and Microsoft take major step to get rid of passwords"
AAPL,2022-05-05,11:21AM,"Stock market: Dow falls 900+ points, Nikola shares rise"
AAPL,2022-05-05,11:18AM,"Apple, Google and Microsoft agree to support passwordless sign-ins"
AAPL,2022-05-05,10:58AM,Apple has spent decades building its walled garden. It may be starting to crack
AAPL,2022-05-05,10:15AM,Supply-Chain Woes Hitting Apple for Billions
AAPL,2022-05-05,10:03AM,Best Oversold Stocks to Buy Now for May 2022
AAPL,2022-05-05,09:27AM,"Forget your passwords, the era of facial recognition and fingerprints is finally here"
AAPL,2022-05-05,09:14AM,Brad Gerstner is Talking About These 10 Stocks
AAPL,2022-05-05,08:14AM,"Dow Jones Futures Fall After Fed's Powell Fuels Big Market Rally; Apple, Exxon Flash Buy Signals"
AAPL,2022-05-05,07:40AM,Only 1 Smartphone Brand Grew Sales Last Quarter (and It's No Surprise)
AAPL,2022-05-05,12:01AM,Your investments and why its right to diversify
AAPL,2022-05-04,05:00PM,Why Star Wars Day is the most successful fake holiday
AAPL,2022-05-04,04:58PM,Streaming wars: How much money each company spends on content
AAPL,2022-05-04,04:43PM,This 'rater' gets paid $10 an hour to teach Google's algorithm  and he's not alone
AAPL,2022-05-04,04:36PM,Dow Jones Jumps As Powell Soothes These Fears; Bill Gates Says Elon Musk Could Make Twitter 'Worse'
AAPL,2022-05-04,04:13PM,Powell Gives Tech a Lift by Taking Larger Hikes off the Table
AAPL,2022-05-04,04:07PM,"Stocks hit session highs into the close, FAANG stocks jump"
AAPL,2022-05-04,03:02PM,Apple Stock Holds Up Fairly Well; Could This Bull Put Spread Generate A 262% Annualized Gain?
AAPL,2022-05-04,02:35PM,"Stocks: Nasdaq flat, S&P 500 and Dow higher following Fed rate hike announcement"
AAPL,2022-05-04,02:31PM,"PODCAST: Which Documents to Keep, Which to Shred and Which to Scan"
AAPL,2022-05-04,02:24PM,Investing in Apple Stock (AAPL)
AAPL,2022-05-04,02:13PM,ETF Areas in the Spotlight Post Buffett's 2022 Meeting
